Index, Time, Depth_0,Depth_1,Depth_2,Depth_5,Depth_10,Depth_30
2,01-Nov-2025,560.564085508664675217005424201488,324.389052048272787942551076412201,187.718513835652714760726667009294,36.377249832596504575121798552573,2.360665509292348751557710784255,0.000041865166502193414121979487
3,01-Dec-2025,560.564085737076879922824446111917,324.389052123347028100397437810898,187.718513171665279060107422992587,36.377249810762016579701594309881,2.360665509331576483731396365329,0.000041865166502193434450770221
4,01-Jan-2026,560.564085877851198347343597561121,324.389052169706985750963212922215,187.718513690483206346470979042351,36.377249827323581143900810275227,2.360665509385889038185268873349,0.000041865166502193441227033799
5,01-Feb-2026,560.564085938411153620108962059021,324.389052189673748216591775417328,187.718513798884174548220471478999,36.377249831125489265559735940769,2.360665509400165174014318836271,0.000041865166502193448003297377
6,01-Mar-2026,560.564085921568789672164712101221,324.389052184114916599355638027191,187.718513823074744095720234327018,36.377249831995293050113104982302,2.360665509403562012380461965222,0.000041865166502193448003297377
7,01-Apr-2026,560.564085798602036447846330702305,324.389052143585843168693827465177,187.718513795230109053591149859130,36.377249830994607293632725486532,2.360665509399656247779830664513,0.000041865166502193448003297377
8,01-May-2026,560.564085547043077895068563520908,324.389052060849792269436875358224,187.718513663536299418410635553300,36.377249826352105799287528498098,2.360665509382088522727372037480,0.000041865166502193441227033799
9,01-Jun-2026,560.564085167560278932796791195869,324.389051936391524577629752457142,187.718513011252554179009166546166,36.377249805134177051968435989693,2.360665509310881038373963747290,0.000041865166502193427674506643
10,01-Jul-2026,560.564084811189900392491836100817,324.389051819809481003176188096404,187.718517686887167883469373919070,36.377250048282498084972758078948,2.360665525246101736911441548727,0.000041865166502193387016925175
11,01-Aug-2026,560.564084663885068948729895055294,324.389051771685558378521818667650,187.718515173729770140198525041342,36.377249886366804787485307315364,2.360665509672416728648158823489,0.000041865166502196104298619966
12,01-Sep-2026,560.564084828497811940906103700399,324.389051825453066157933790236712,187.718514907639075772749492898583,36.377249874754724601189082022756,2.360665509604978673507957864786,0.000041865166502193644514941140
13,01-Oct-2026,560.564085158460898128396365791559,324.389051933389964688103646039963,187.718514948892902793886605650187,36.377249877816474565861426526681,2.360665509634812586625685071340,0.000041865166502190175067989186
14,01-Nov-2026,560.564085491707714936637785285711,324.389052042650973817217163741589,187.718516406865319368080236017704,36.377249974530592169230658328161,2.360665514241499174374894209905,0.000041865166502193400569452331
15,01-Dec-2026,560.564085723177981890330556780100,324.389052118726397111458936706185,187.718513124041038508948986418545,36.377249809314896822343143867329,2.360665509327102284942156984471,0.000041865166502193434450770221
16,01-Jan-2027,560.564085866055393125861883163452,324.389052165776661240670364350080,187.718513680752437267074128612876,36.377249826980069258297589840367,2.360665509384579419105421038694,0.000041865166502193441227033799
17,01-Feb-2027,560.564085927849646395770832896233,324.389052186149569934059400111437,187.718513794039353115294943563640,36.377249830947803843628207687289,2.360665509399445749494361734833,0.000041865166502193448003297377
18,01-Mar-2027,560.564085911528763972455635666847,324.389052180762860189133789390326,187.718513819441568557522259652615,36.377249831860453355147910770029,2.360665509403005124511309986701,0.000041865166502193448003297377
19,01-Apr-2027,560.564085788376473828975576907396,324.389052140173532734479522332549,187.718513791455649197814636863768,36.377249830855078016611514613032,2.360665509399083816788333933800,0.000041865166502193448003297377
20,01-May-2027,560.564085535499771140166558325291,324.389052057005073947948403656483,187.718513657541677730478113517165,36.377249826136250021590967662632,2.360665509381238980068928867695,0.000041865166502193441227033799
21,01-Jun-2027,560.564085152994152849714737385511,324.389051931556195995653979480267,187.718512988159602628002176061273,36.377249804390352494465332711115,2.360665509308390586085124596138,0.000041865166502193427674506643
22,01-Jul-2027,560.564084792309927252063062041998,324.389051813564037729520350694656,187.718517597870970803342061117291,36.377250039278514748275483725592,2.360665517193386797600851423340,0.000041865166502193380240661597
23,01-Aug-2027,560.564084641127806207805406302214,324.389051764174496383930090814829,187.718515174517818877575336955488,36.377249886316405991237843409181,2.360665509671199924213169651921,0.000041865166502195013320183903
24,01-Sep-2027,560.564084805068887362722307443619,324.389051817720769577135797590017,187.718514909374960097920848056674,36.377249874765219317396258702502,2.360665509604440437385619588895,0.000041865166502193637738677562
25,01-Oct-2027,560.564085137570373262860812246799,324.389051926483375609677750617266,187.718514943753206125620636157691,36.377249877489205687197681982070,2.360665509631733716133794587222,0.000041865166502198584411089527
26,01-Nov-2027,560.564085474604098635609261691570,324.389052036980501725338399410248,187.718516253236543889215681701899,36.377249961014484824772807769477,2.360665511795127180505460273707,0.000041865166502193393793188753
27,01-Dec-2027,560.564085709163123283360619097948,324.389052114067226284532807767391,187.718513072491447246648021973670,36.377249807763902822443924378604,2.360665509322366073519106066669,0.000041865166502193434450770221
28,01-Jan-2028,560.564085854167956313176546245813,324.389052161815754971030401065946,187.718513670687713101870031096041,36.377249826625330797469359822571,2.360665509383229831996686698403,0.000041865166502193441227033799
29,01-Feb-2028,560.564085917212764798023272305727,324.389052182600096330133965238929,187.718513789085221787900081835687,36.377249830766210436649998882785,2.360665509398710781852059881203,0.000041865166502193448003297377
30,01-Mar-2028,560.564085899375641020014882087708,324.389052176713448716327548027039,187.718513815401479405409190803766,36.377249831710933847261912887916,2.360665509402390949134087350103,0.000041865166502193448003297377
31,01-Apr-2028,560.564085771893019227718468755484,324.389052134700023088953457772732,187.718513785529268034224514849484,36.377249830638476169042405672371,2.360665509398212069669398260885,0.000041865166502193441227033799
32,01-May-2028,560.564085513100508251227438449860,324.389052049594113213970558717847,187.718513643021992720605339854956,36.377249825624978996074787573889,2.360665509379301418846353044501,0.000041865166502193441227033799
33,01-Jun-2028,560.564085125034353040973655879498,324.389051922334090249933069571853,187.718512904617739422974409535527,36.377249801816866181525256251916,2.360665509300368558598393065040,0.000041865166502193427674506643
34,01-Jul-2028,560.564084763792948251648340374231,324.389051804168786929949419572949,187.718517208271094887095387093723,36.377250006896893808061577146873,2.360665512064649806944771626149,0.000041865166502193373464398019
35,01-Aug-2028,560.564084618763445178046822547913,324.389051756790820491005433723330,187.718515159430069161317078396678,36.377249885537310092331608757377,2.360665509665374806047566380585,0.000041865166502194288259981053
36,01-Sep-2028,560.564084790977290140290278941393,324.389051813039202443178510293365,187.718514907847634276549797505140,36.377249874657550776646530721337,2.360665509603440792574247097946,0.000041865166502193630962413984
37,01-Oct-2028,560.564085128425517723371740430593,324.389051923422357504023239016533,187.718514946716226177159114740789,36.377249877591715687685791635886,2.360665509631994396499976573978,0.000041865166502196578637070429
38,01-Nov-2028,560.564085466934784562909044325352,324.389052034406859092996455729008,187.718516291132772266792017035186,36.377249963521151698842004407197,2.360665511943520478155278397026,0.000041865166502193393793188753
39,01-Dec-2028,560.564085701259386951278429478407,324.389052111418322965619154274464,187.718513071497028477097046561539,36.377249807688031069119460880756,2.360665509321902444384022601298,0.000041865166502193434450770221
40,01-Jan-2029,560.564085845515137407346628606319,324.389052158920492274774005636573,187.718513667447439274837961420417,36.377249826504737484356155619025,2.360665509382729787546395527897,0.000041865166502193441227033799
41,01-Feb-2029,560.564085907256981045065913349390,324.389052179274870013614417985082,187.718513785906537805203697644174,36.377249830647969019992160610855,2.360665509398220507364385412075,0.000041865166502193441227033799
42,01-Mar-2029,560.564085889216016767022665590048,324.389052173321147165552247315645,187.718513811966516868778853677213,36.377249831583185368799604475498,2.360665509401861594795946075465,0.000041865166502193448003297377
43,01-Apr-2029,560.564085761537171492818742990494,324.389052131243886378797469660640,187.718513781628786318833590485156,36.377249830494356785948184551671,2.360665509397621431020297677605,0.000041865166502193441227033799
44,01-May-2029,560.564085501393947197357192635536,324.389052045694654680119128897786,187.718513636752192041967646218836,36.377249825399530891445465385914,2.360665509378415904961912019644,0.000041865166502193441227033799
45,01-Jun-2029,560.564085110239602727233432233334,324.389051917422477799846092239022,187.718512878922496156519628129900,36.377249800998669115870143286884,2.360665509297669384380924384459,0.000041865166502193427674506643
46,01-Jul-2029,560.564084744610340749204624444246,324.389051797822844491747673600912,187.718517151914255691735888831317,36.377250001884874563984340056777,2.360665511717790376877701419289,0.000041865166502193373464398019
47,01-Aug-2029,560.564084595672738942084833979607,324.389051749169198046729434281588,187.718515161088078002649126574397,36.377249885530844153436191845685,2.360665509664508832088358758483,0.000041865166502194145958445914
48,01-Sep-2029,560.564084767256304075999651104212,324.389051805209874146385118365288,187.718514910044632415520027279854,36.377249874689589148601953638718,2.360665509603048217712739642593,0.000041865166502193617409886828
49,01-Oct-2029,560.564085107310120292822830379009,324.389051916440735112701077014208,187.718514942346871521294815465808,36.377249877304436154190625529736,2.360665509629251257450732737198,0.000041865166502194715164586469
50,01-Nov-2029,560.564085449659387450083158910275,324.389052028678804617811692878604,187.718516159269142917764838784933,36.377249952605005489658651640639,2.360665511092688184646704030456,0.000041865166502193393793188753
51,01-Dec-2029,560.564085687101396615616977214813,324.389052106711005762917920947075,187.718513016330547316101728938520,36.377249806040936164208687841892,2.360665509316919319360295048682,0.000041865166502193434450770221
52,01-Jan-2030,560.564085833499916589062195271254,324.389052154916555537056410685182,187.718513657034918651334010064602,36.377249826138132959840731928125,2.360665509381337567873515581596,0.000041865166502193441227033799
53,01-Feb-2030,560.564085896500728267710655927658,324.389052175685151269135531038046,187.718513780807825241936370730400,36.377249830461153123906115069985,2.360665509397465111618430455565,0.000041865166502193441227033799
54,01-Mar-2030,560.564085878993523692770395427942,324.389052169907643019541865214705,187.718513808163692146990797482431,36.377249831442128424896509386599,2.360665509401279837931042493437,0.000041865166502193448003297377
55,01-Apr-2030,560.564085751128686752053909003735,324.389052127769957678538048639894,187.718513777679390841512940824032,36.377249830348439729732490377501,2.360665509397023242854629643261,0.000041865166502193441227033799
56,01-May-2030,560.564085489642138782073743641376,324.389052041779677892918698489666,187.718513630425690053016296587884,36.377249825172022212882438907400,2.360665509377521953382483843598,0.000041865166502193441227033799
57,01-Jun-2030,560.564085095396535507461521774530,324.389051912494380758289480581880,187.718512852901596943411277607083,36.377249800170950777555844979361,2.360665509294941344364815449808,0.000041865166502193427674506643
58,01-Jul-2030,560.564084725354518923268187791109,324.389051791452175166341476142406,187.718517101096523447267827577889,36.377249997429650818503432674333,2.360665511463007515402523495140,0.000041865166502193373464398019
59,01-Aug-2030,560.564084572459250921383500099182,324.389051741506591497454792261124,187.718515163075721829955000430346,36.377249885540408058659522794187,2.360665509663760985858971253037,0.000041865166502194051090755822
60,01-Sep-2030,560.564084743370244723337236791849,324.389051797325862480647629126906,187.718514912492196344828698784113,36.377249874733159629158762982115,2.360665509602731582106116547948,0.000041865166502193610633623250
61,01-Oct-2030,560.564085086025102100393269211054,324.389051909402894580125575885177,187.718514938565363081579562276602,36.377249877047390214102051686496,2.360665509626756808359004935483,0.000041865166502194254378663163
62,01-Nov-2030,560.564085432239949113863985985518,324.389052022902944827364990487695,187.718516047077713437829515896738,36.377249943820906707969697890803,2.360665510685166612603325120290,0.000041865166502193387016925175
63,01-Dec-2030,560.564085672829605755396187305450,324.389052101965830843255389481783,187.718512956407465708252857439220,36.377249804271507116482098354027,2.360665509311638210476758104051,0.000041865166502193427674506643
64,01-Jan-2031,560.564085821395110542653128504753,324.389052150882719161018030717969,187.718513646269798300636466592550,36.377249825759726320484332973137,2.360665509379903603814909729408,0.000041865166502193441227033799
65,01-Feb-2031,560.564085885671147480024956166744,324.389052172070876167708775028586,187.718513775597926951377303339541,36.377249830270365293927170569077,2.360665509396694616839340596925,0.000041865166502193441227033799
66,01-Mar-2031,560.564085868709071291959844529629,324.389052166473277338809566572309,187.718513804299277580867055803537,36.377249831298811955093697179109,2.360665509400688755192732060095,0.000041865166502193448003297377
67,01-Apr-2031,560.564085740668929247476626187563,324.389052124278634892107220366597,187.718513773681706879870034754276,36.377249830200732105822680750862,2.360665509396417505172394157853,0.000041865166502193441227033799
68,01-May-2031,560.564085477846219873754307627678,324.389052037849637599720153957605,187.718513624044760490505723282695,36.377249824942524014659284148365,2.360665509376620008197278366424,0.000041865166502193441227033799
69,01-Jun-2031,560.564085080507311431574635207653,324.389051907550367559451842680573,187.718512826572464291530195623636,36.377249799334215651924751000479,2.360665509292186214906905661337,0.000041865166502193427674506643
70,01-Jul-2031,560.564084706027983884268905967474,324.389051785057517918176017701626,187.718517055268534932110924273729,36.377249993457098753424361348152,2.360665511268322802607144694775,0.000041865166502193366688134440
71,01-Aug-2031,560.564084549125141165859531611204,324.389051733803739807626698166132,187.718515165381461429205955937505,36.377249885565348108684702310711,2.360665509663124606021256113308,0.000041865166502193983328120042
72,01-Sep-2031,560.564084719320476324355695396662,324.389051789387565349898068234324,187.718514915180975322073209099472,36.377249874787779049256641883403,2.360665509602486444862279313384,0.000041865166502193610633623250
73,01-Oct-2031,560.564085064571258953947108238935,324.389051902309176966809900477529,187.718514935333615767376613803208,36.377249876818375184939213795587,2.360665509624488400675090815639,0.000041865166502194044314492244
74,01-Nov-2031,560.564085414676583241089247167110,324.389052017079336565075209364295,187.718515950634042610545293428004,36.377249936610446923168638022617,2.360665510446331882832282644813,0.000041865166502193387016925175
75,01-Dec-2031,560.564085658444582804804667830467,324.389052097182911893469281494617,187.718512891137265796714928001165,36.377249802366989683832798618823,2.360665509306035136916079864022,0.000041865166502193427674506643
76,01-Jan-2032,560.564085809201515075983479619026,324.389052146819153676915448158979,187.718513635139686357433674857020,36.377249825369126767782290698960,2.360665509378427451281368121272,0.000041865166502193441227033799
77,01-Feb-2032,560.564085874769148176710586994886,324.389052168432272083009593188763,187.718513770275393426345544867218,36.377249830075562897491181502119,2.360665509395908134848696136032,0.000041865166502193441227033799
78,01-Mar-2032,560.564085856233987215091474354267,324.389052162316033900424372404814,187.718513799999271896012942306697,36.377249831139799596257944358513,2.360665509400036388143462318112,0.000041865166502193448003297377
79,01-Apr-2032,560.564085723710945785569492727518,324.389052118647157385566970333457,187.718513767318853524557198397815,36.377249829968477001784776803106,2.360665509395484473742499176296,0.000041865166502193441227033799
80,01-May-2032,560.564085454778933126362971961498,324.389052030217328592698322609067,187.718513608047260277089662849903,36.377249824380982090588076971471,2.360665509374502590844713267870,0.000041865166502193441227033799
81,01-Jun-2032,560.564085051719644070544745773077,324.389051898054731282172724604607,187.718512724088270715583348646760,36.377249796239439660894277039915,2.360665509282787510869638936128,0.000041865166502193427674506643
82,01-Jul-2032,560.564084676709853738429956138134,324.389051775397433630132582038641,187.718516799151842633364140056074,36.377249975351865884931612526998,2.360665510730481475576425509644,0.000041865166502193359911870862
83,01-Aug-2032,560.564084526211900083580985665321,324.389051726237369166483404114842,187.718515153091402680729515850544,36.377249884927756795605091610923,2.360665509658415484040006049327,0.000041865166502193874907902793
84,01-Sep-2032,560.564084704975812201155349612236,324.389051784619766749528935179114,187.718514914521222181065240874887,36.377249874720988032095192465931,2.360665509601761691271804011194,0.000041865166502193603857359672
85,01-Oct-2032,560.564085055325222128885798156261,324.389051899211949603341054171324,187.718514938965910232582245953381,36.377249876953918317212810507044,2.360665509624995550552739587147,0.000041865166502194017209437932
86,01-Nov-2032,560.564085406923936716339085251093,324.389052014475680607574759051204,187.718515983962447535304818302393,36.377249938577392640581820160151,2.360665510483559881294013393926,0.000041865166502193387016925175
87,01-Dec-2032,560.564085650419087869522627443075,324.389052094491773914342047646642,187.718512893332359681153320707381,36.377249802367622066867625107989,2.360665509305731379896542421193,0.000041865166502193427674506643
88,01-Jan-2033,560.564085800377824853057973086834,324.389052143865683319745585322380,187.718513631923656248545739799738,36.377249825248533454669086495414,2.360665509377922077760558750015,0.000041865166502193441227033799
89,01-Feb-2033,560.564085864582125395827461034060,324.389052165028999752394156530499,187.718513766962701083684805780649,36.377249829952262416554731316864,2.360665509395396544078948863898,0.000041865166502193441227033799
90,01-Mar-2033,560.564085845837212218611966818571,324.389052158843753659311914816499,187.718513796372803881240542978048,36.377249831004974112147465348244,2.360665509399477723917470939341,0.000041865166502193448003297377
91,01-Apr-2033,560.564085713128861243603751063347,324.389052115114509433624334633350,187.718513763198700416978681460023,36.377249829816300064067036146298,2.360665509394860972491869688383,0.000041865166502193441227033799
92,01-May-2033,560.564085442828854866093024611473,324.389052026235503944917581975460,187.718513601393567569175502285361,36.377249824141969725133094470948,2.360665509373565118522719785688,0.000041865166502193441227033799
93,01-Jun-2033,560.564085036612141266232356429100,324.389051893037787976936670020223,187.718512694725546907648094929755,36.377249795318306269109598360956,2.360665509279803231379446515348,0.000041865166502193427674506643
94,01-Jul-2033,560.564084657091484586999285966158,324.389051768905744665971724316478,187.718516769333632510097231715918,36.377249972893785923133691539988,2.360665510658570998003824570333,0.000041865166502193359911870862
95,01-Aug-2033,560.564084502555601829953957349062,324.389051718427595005778130143881,187.718515156095520524104358628392,36.377249884986994743485411163419,2.360665509658037120033213795978,0.000041865166502193841026584903
96,01-Sep-2033,560.564084680645350999839138239622,324.389051776588075881591066718102,187.718514917602846026056795381010,36.377249874793598394262517103925,2.360665509601633349490157343098,0.000041865166502193597081096094
97,01-Oct-2033,560.564085033657306667009834200144,324.389051892046666125679621472955,187.718514936346423382929060608149,36.377249876755797686200821772218,2.360665509622970947845033151680,0.000041865166502193908789220683
98,01-Nov-2033,560.564085389198453412973321974277,324.389052008597616350016323849559,187.718515898462527502488228492439,36.377249932395699261178378947079,2.360665510317797810557749471627,0.000041865166502193380240661597
99,01-Dec-2033,560.564085635899118642555549740791,324.389052089663380229467293247581,187.718512823431154856734792701900,36.377249800345737185125472024083,2.360665509299843201063140440965,0.000041865166502193427674506643
100,01-Jan-2034,560.564085788063835025241132825613,324.389052139761531634576385840774,187.718513620437335021051694639027,36.377249824845819148322334513068,2.360665509376401960395241985680,0.000041865166502193441227033799
101,01-Feb-2034,560.564085853567803496844135224819,324.389052161352537950733676552773,187.718513761498257963467040099204,36.377249829752315690711839124560,2.360665509394589633984651300125,0.000041865166502193441227033799
102,01-Mar-2034,560.564085835380979006004054099321,324.389052155351464534760452806950,187.718513792342491797171533107758,36.377249830855561185671831481159,2.360665509398862216272618752555,0.000041865166502193441227033799
103,01-Apr-2034,560.564085702498459795606322586536,324.389052111565490577049786224961,187.718513759032532561832340434194,36.377249829662417823783471249044,2.360665509394230365813882599468,0.000041865166502193441227033799
104,01-May-2034,560.564085430838986212620511651039,324.389052022239923189772525802255,187.718513594692296919674845412374,36.377249823901195213693426921964,2.360665509372620096684158852440,0.000041865166502193441227033799
105,01-Jun-2034,560.564085021463483826664742082357,324.389051888006633816985413432121,187.718512665073802736515062861145,36.377249794388916370735387317836,2.360665509276794082893502491061,0.000041865166502193427674506643
106,01-Jul-2034,560.564084637407631817040964961052,324.389051762391829925036290660501,187.718516742557568477423046715558,36.377249970682264290644525317475,2.360665510597480309940010556602,0.000041865166502193353135607284
107,01-Aug-2034,560.564084478783684062364045530558,324.389051710579167320247506722808,187.718515159377375312033109366894,36.377249885059406153686722973362,2.360665509657750238403650655528,0.000041865166502193813921530591
108,01-Sep-2034,560.564084656155273478361777961254,324.389051768503463790693785995245,187.718514920902720177764422260225,36.377249874876071089602191932499,2.360665509601567180197889683768,0.000041865166502193590304832516
109,01-Oct-2034,560.564085011823863169411197304726,324.389051884826528748817509040236,187.718514934205444433246157132089,36.377249876581650767093378817663,2.360665509621131974427044042386,0.000041865166502193841026584903
110,01-Nov-2034,560.564085371331998430832754820585,324.389052002672769958735443651676,187.718515823764647620919276960194,36.377249927171760646160691976547,2.360665510201489958319598372327,0.000041865166502193373464398019
111,01-Dec-2034,560.564085621268532122485339641571,324.389052084798208852589596062899,187.718512746975733307408518157899,36.377249798163745708734495565295,2.360665509293588648631612159079,0.000041865166502193427674506643
112,01-Jan-2035,560.564085775663556887593585997820,324.389052135628503492625895887613,187.718513608567832307016942650080,36.377249824430350599868688732386,2.360665509374837434108940215083,0.000041865166502193441227033799
113,01-Feb-2035,560.564085842483677879499737173319,324.389052157652599817083682864904,187.718513755920241692365380004048,36.377249829548325976702471962199,2.360665509393767180768008984160,0.000041865166502193441227033799
114,01-Mar-2035,560.564085824866310758807230740786,324.389052151839393900445429608226,187.718513788251698315434623509645,36.377249830703931365860626101494,2.360665509398237382754359714454,0.000041865166502193441227033799
115,01-Apr-2035,560.564085691821105683629866689444,324.389052108000498719775350764394,187.718513754821259453819948248565,36.377249829506865808070870116353,2.360665509393592653708537909552,0.000041865166502193441227033799
116,01-May-2035,560.564085418810691407998092472553,324.389052018231211604870622977614,187.718513587946290499530732631683,36.377249823658758032252080738544,2.360665509371668413507450168254,0.000041865166502193441227033799
117,01-Jun-2035,560.564085006275490741245448589325,324.389051882961837236507562920451,187.718512635159981982724275439978,36.377249793452030246498907217756,2.360665509273762729947065963643,0.000041865166502193427674506643
118,01-Jul-2035,560.564084617661251286335755139589,324.389051755856598902028053998947,187.718516718591217795619741082191,36.377249968692709103379456792027,2.360665510545088441318739569397,0.000041865166502193353135607284
119,01-Aug-2035,560.564084454898761578078847378492,324.389051702692995604593306779861,187.718515162929179496131837368011,36.377249885144550489712855778635,2.360665509657550842348427977413,0.000041865166502193793592739857
120,01-Sep-2035,560.564084631507512312964536249638,324.389051760366498911025701090693,187.718514924413625521992798894644,36.377249874968036635891621699557,2.360665509601560074770532082766,0.000041865166502193590304832516
121,01-Oct-2035,560.564084989825687443953938782215,324.389051877551821689849020913243,187.718514932515176951710600405931,36.377249876429907260444451821968,2.360665509619463975354847207200,0.000041865166502193793592739857
122,01-Nov-2035,560.564085353325481264619156718254,324.389051996701368807407561689615,187.718515758071504251347505487502,36.377249922706134555028256727383,2.360665510115475651531369294389,0.000041865166502193373464398019
123,01-Dec-2035,560.564085606528010430338326841593,324.389052079896316627127816900611,187.718512663067940593464300036430,36.377249795803614063061104388908,2.360665509286935748178848371026,0.000041865166502193427674506643
124,01-Jan-2036,560.564085763177672561141662299633,324.389052131466826267569558694959,187.718513596302017276684637181461,36.377249824001737010803481098264,2.360665509373227610723233738099,0.000041865166502193441227033799
125,01-Feb-2036,560.564085831330430664820596575737,324.389052153929355881700757890940,187.718513750227543823712039738894,36.377249829340236431107769021764,2.360665509392929184429021916003,0.000041865166502193441227033799
126,01-Mar-2036,560.564085812082225857011508196592,324.389052147578524909476982429624,187.718513783696010932544595561922,36.377249830535568264622270362452,2.360665509397546824033042867086,0.000041865166502193441227033799
127,01-Apr-2036,560.564085674399848358007147908211,324.389052102214691331028006970882,187.718513748016277986607747152448,36.377249829258744284743443131447,2.360665509392597893878473769291,0.000041865166502193441227033799
128,01-May-2036,560.564085395086067364900372922421,324.389052010380964929936453700066,187.718513570373147558711934834719,36.377249823043790399879071628675,2.360665509369360037794649542775,0.000041865166502193441227033799
129,01-Jun-2036,560.564084976673143501102458685637,324.389051873196876840665936470032,187.718512508538566407878533937037,36.377249789713616223707504104823,2.360665509262731998063600258320,0.000041865166502193420898243065
130,01-Jul-2036,560.564084587561865191673859953880,324.389051745938047588424524292350,187.718516535436407366432831622660,36.377249956953299658835021546111,2.360665510340155037738441023976,0.000041865166502193339583080128
131,01-Aug-2036,560.564084431464721092197578400373,324.389051694952968318830244243145,187.718515152903762555069988593459,36.377249884619011766062612878159,2.360665509653682825330633932026,0.000041865166502193746158894810
132,01-Sep-2036,560.564084616942182037746533751488,324.389051755523041720152832567692,187.718514924489397799334255978465,36.377249874935429829747590702027,2.360665509601057809874191661947,0.000041865166502193583528568938
133,01-Oct-2036,560.564084980509619526856113225222,324.389051874428446353704202920198,187.718514936698085193711449392140,36.377249876591974953043973073363,2.360665509620157198611423154944,0.000041865166502193786816476279
134,01-Nov-2036,560.564085345515309199981857091188,324.389051994076169194158865138888,187.718515788446467240646597929299,36.377249924376648948509682668373,2.360665510136354061643260138226,0.000041865166502193373464398019
135,01-Dec-2036,560.564085598401788956834934651852,324.389052077169765198050299659371,187.718512670809190012732869945467,36.377249795932620202165708178654,2.360665509286893559703912615078,0.000041865166502193427674506643
136,01-Jan-2037,560.564085754200618794129695743322,324.389052128460832591372309252620,187.718513593199986644322052598000,36.377249823883992974060674896464,2.360665509372726234005313017406,0.000041865166502193441227033799
137,01-Feb-2037,560.564085820927175518590956926346,324.389052150453039757849182933569,187.718513746803665753759560175240,36.377249829212651377474685432389,2.360665509392398497823251091177,0.000041865166502193441227033799
138,01-Mar-2037,560.564085801463420466461684554815,324.389052144031268198887119069695,187.718513779888439785281661897898,36.377249830394021046231500804424,2.360665509396960626276040784433,0.000041865166502193441227033799
139,01-Apr-2037,560.564085663609148468822240829468,324.389052098611387009441386908293,187.718513743688873773862724192441,36.377249829098929012616281397641,2.360665509391942862293944926932,0.000041865166502193441227033799
140,01-May-2037,560.564085382914299771073274314404,324.389052006323822752165142446756,187.718513563363842422404559329152,36.377249822792151690009632147849,2.360665509368373715659572553704,0.000041865166502193441227033799
141,01-Jun-2037,560.564084961278922492056153714657,324.389051868083015506272204220295,187.718512475117563553794752806425,36.377249788682064490785705856979,2.360665509259451955159647695837,0.000041865166502193420898243065
142,01-Jul-2037,560.564084567536156100686639547348,324.389051739309820732160005718470,187.718516520386003776366123929620,36.377249955683559790031722513959,2.360665510312825343675058320514,0.000041865166502193339583080128
143,01-Aug-2037,560.564084407270229348796419799328,324.389051686963910015037981793284,187.718515157029258944021421484649,36.377249884731647000535303959623,2.360665509653679272616955131525,0.000041865166502193732606367654
144,01-Sep-2037,560.564084592026347309001721441746,324.389051747296832672873279079795,187.718514928339999414674821309745,36.377249875042679150283220224082,2.360665509601146627716161674471,0.000041865166502193583528568938
145,01-Oct-2037,560.564084958309535977605264633894,324.389051867086095626291353255510,187.718514935506448182422900572419,36.377249876464780697915557539091,2.360665509618672608382894395618,0.000041865166502193746158894810
146,01-Nov-2037,560.564085327357247479085344821215,324.389051988053722652693977579474,187.718515728976143464024062268436,36.377249920414051587158610345796,2.360665510067107231151339874486,0.000041865166502193366688134440
147,01-Dec-2037,560.564085583535756995843257755041,324.389052072225524625537218526006,187.718512580899954400592832826078,36.377249793428774182757479138672,2.360665509279913809592699180939,0.000041865166502193427674506643
148,01-Jan-2038,560.564085741602866619359701871872,324.389052124261297649354673922062,187.718513580577166521834442391992,36.377249823443257525923399953172,2.360665509371072445787831384223,0.000041865166502193441227033799
149,01-Feb-2038,560.564085809669904847396537661552,324.389052146694609746191417798400,187.718513740974913162062875926495,36.377249828999630665293807396665,2.360665509391540517469820770202,0.000041865166502193441227033799
150,01-Mar-2038,560.564085790789363272779155522585,324.389052140465253160073189064860,187.718513775638825791247654706240,36.377249830236536354277632199228,2.360665509396311811940449842950,0.000041865166502193441227033799
151,01-Apr-2038,560.564085652775133894465398043394,324.389052094993246555532095953822,187.718513739319718069964437745512,36.377249828937550546470447443426,2.360665509391281613460478183697,0.000041865166502193441227033799
152,01-May-2038,560.564085370708539812767412513494,324.389052002254970830108504742384,187.718513556319294366403482854366,36.377249822539148738087533274665,2.360665509367381176275557663757,0.000041865166502193434450770221
153,01-Jun-2038,560.564084945851163865881972014904,324.389051862957501271012006327510,187.718512441488968534031300805509,36.377249787644700518285389989614,2.360665509256154592776510980912,0.000041865166502193420898243065
154,01-Jul-2038,560.564084547454058338189497590065,324.389051732662323956901673227549,187.718516507240536839162814430892,36.377249954547068000465515069664,2.360665510288639357128204210312,0.000041865166502193332806816550
155,01-Aug-2038,560.564084382968644604261498898268,324.389051678938983513944549486041,187.718515161395430368429515510798,36.377249884855451966814143816009,2.360665509653749882801321291481,0.000041865166502193719053840498
156,01-Sep-2038,560.564084566957603783521335572004,324.389051739019748765713302418590,187.718514932383811810723273083568,36.377249875158518932494189357385,2.360665509601287403995684144320,0.000041865166502193576752305360
157,01-Oct-2038,560.564084935948471866140607744455,324.389051859690368928568204864860,187.718514934713027741963742300868,36.377249876357076630029041552916,2.360665509617331903058357056580,0.000041865166502193719053840498
158,01-Nov-2038,560.564085309062306805572006851435,324.389051981985801376140443608165,187.718515676120716761943185701966,36.377249916966526654960034647956,2.360665510012453172095092668314,0.000041865166502193359911870862
159,01-Dec-2038,560.564085568562973094230983406305,324.389052067245643229398410767317,187.718512481734990160475717857480,36.377249790712340882237185724080,2.360665509272480644398228832870,0.000041865166502193427674506643
160,01-Jan-2039,560.564085728922577800403814762831,324.389052120034136805770685896277,187.718513567541350539613631553948,36.377249822988872551832173485309,2.360665509369372028203315494466,0.000041865166502193441227033799
161,01-Feb-2039,560.564085798346354749810416251421,324.389052142913897114340215921402,187.718513735031677924780524335802,36.377249828782517226954951183870,2.360665509390666549904835846974,0.000041865166502193441227033799
162,01-Mar-2039,560.564085780060622710152529180050,324.389052136880764010129496455193,187.718513771331032558009610511363,36.377249830076905823261768091470,2.360665509395654559909871750278,0.000041865166502193441227033799
163,01-Apr-2039,560.564085641898600442800670862198,324.389052091360611029813298955560,187.718513734909919321580673567951,36.377249828774651518870086874813,2.360665509390613703288863689522,0.000041865166502193441227033799
164,01-May-2039,560.564085358470606479386333376169,324.389051998174807067698566243052,187.718513549243169791225227527320,36.377249822284909441805211827159,2.360665509366383307821024573059,0.000041865166502193434450770221
165,01-Jun-2039,560.564084930392027672496624290943,324.389051857820902569073950871825,187.718512407693708610167959704995,36.377249786602639858301699860021,2.360665509252842575449449213920,0.000041865166502193420898243065
166,01-Jul-2039,560.564084527318186701450031250715,324.389051725996296227094717323780,187.718516495889559791976353153586,36.377249953533741688715963391587,2.360665510267176081526940834010,0.000041865166502193332806816550
167,01-Aug-2039,560.564084358562922716373577713966,324.389051670879098310251720249653,187.718515165995796678544138558209,36.377249884990085604385967599228,2.360665509653890659080843761330,0.000041865166502193712277576920
168,01-Sep-2039,560.564084541737770450708921998739,324.389051730692528963118093088269,187.718514936615008537046378478408,36.377249875282672064713551662862,2.360665509601478362355919671245,0.000041865166502193576752305360
169,01-Oct-2039,560.564084913428246181865688413382,324.389051852241834694723365828395,187.718514934296877072483766824007,36.377249876267718775579851353541,2.360665509616124868585984586389,0.000041865166502193698725049764
170,01-Nov-2039,560.564085290631055613630451261997,324.389051975872632738173706457019,187.718515628941418071917723864317,36.377249913945320258790161460638,2.360665509968277397945257689571,0.000041865166502193353135607284
171,01-Dec-2039,560.564085553483891999348998069763,324.389052062230291539890458807349,187.718512371901937285656458698213,36.377249787757385490749584278092,2.360665509264553207913195365109,0.000041865166502193427674506643
172,01-Jan-2040,560.564085716160207084612920880318,324.389052115779463747458066791296,187.718513554078981542261317372322,36.377249822520418831572897033766,2.360665509367623204894925947883,0.000041865166502193441227033799
173,01-Feb-2040,560.564085786957662094209808856249,324.389052139111186079389881342649,187.718513728973192655757884494960,36.377249828561296851603401592001,2.360665509389776595128296321491,0.000041865166502193441227033799
174,01-Mar-2040,560.564085766982088898657821118832,324.389052132521101157180964946747,187.718513766528587893844814971089,36.377249829899490407569828676060,2.360665509394927141784137347713,0.000041865166502193441227033799
175,01-Apr-2040,560.564085624027597987151239067316,324.389052085424907545530004426837,187.718513727662866585887968540192,36.377249828510656470825779251754,2.360665509389556770969420540496,0.000041865166502193441227033799
176,01-May-2040,560.564085334102173874271102249622,324.389051990111056511523202061653,187.718513530004969425135641358793,36.377249821613659719332645181566,2.360665509363875091963791419403,0.000041865166502193434450770221
177,01-Jun-2040,560.564084899991257771034725010395,324.389051847791847649205010384321,187.718512250062758539570495486259,36.377249782066435557226213859394,2.360665509239876502789456935716,0.000041865166502193420898243065
178,01-Jul-2040,560.564084496460054651834070682526,324.389051715826553845545276999474,187.718516357159188601144705899060,36.377249945200425429447932401672,2.360665510156838564626013976522,0.000041865166502193319254289394
179,01-Aug-2040,560.564084334638778273074422031641,324.389051662975418821588391438127,187.718515157836179696460021659732,36.377249884555133974117779871449,2.360665509650675453201529307989,0.000041865166502193685172522608
180,01-Sep-2040,560.564084526987244316842406988144,324.389051725784952395770233124495,187.718514937321970137418247759342,36.377249875279083823897963156924,2.360665509601160394481667026412,0.000041865166502193576752305360
181,01-Oct-2040,560.564084904075571103021502494812,324.389051849103282165742712095380,187.718514938945617132048937492073,36.377249876451820398415293311700,2.360665509616964641281811054796,0.000041865166502193698725049764
182,01-Nov-2040,560.564085282791779718536417931318,324.389051973235154946451075375080,187.718515657334194202121580019593,36.377249915434113347600941779092,2.360665509983227661194860047544,0.000041865166502193353135607284
183,01-Dec-2040,560.564085545280022415681742131710,324.389052059475943678990006446838,187.718512389187907274390454404056,36.377249788096399640835443278775,2.360665509264920025600531516830,0.000041865166502193427674506643
184,01-Jan-2041,560.564085707049343909602612257004,324.389052112727370058564702048898,187.718513551205461453719181008637,36.377249822409140733725507743657,2.360665509367136927210140129318,0.000041865166502193434450770221
185,01-Feb-2041,560.564085776355000234616454690695,324.389052135567283130512805655599,187.718513725467886388287297450006,36.377249828430443301385821541771,2.360665509389230809489390594536,0.000041865166502193441227033799
186,01-Mar-2041,560.564085756158533513371367007494,324.389052128904438632162055000663,187.718513762555062385217752307653,36.377249829751740151095873443410,2.360665509394315186852963961428,0.000041865166502193441227033799
187,01-Apr-2041,560.564085613048064260510727763176,324.389052081757313317211810499430,187.718513723146429583721328526735,36.377249828343821036469307728112,2.360665509388872429497041594004,0.000041865166502193441227033799
188,01-May-2041,560.564085321732250122295226901770,324.389051985986327508726390078664,187.718513522683423389025847427547,36.377249821350808645092911319807,2.360665509362844360907729424071,0.000041865166502193434450770221
189,01-Jun-2041,560.564084884339081327198073267937,324.389051842590504293184494599700,187.718512212268507255430449731648,36.377249780920024591068795416504,2.360665509236300696471744231530,0.000041865166502193420898243065
190,01-Jul-2041,560.564084476059178996365517377853,324.389051709072191442828625440598,187.718516351223200899767107330263,36.377249944578920803905930370092,2.360665510144178025342398541397,0.000041865166502193312478025816
191,01-Aug-2041,560.564084309938266414974350482225,324.389051654817478720360668376088,187.718515162917810812359675765038,36.377249884712341554404702037573,2.360665509650970328436869749567,0.000041865166502193678396259030
192,01-Sep-2041,560.564084501514003022748511284590,324.389051717373149585910141468048,187.718514941851225330537999980152,36.377249875416453051002463325858,2.360665509601431288899675564608,0.000041865166502193569976041781
193,01-Oct-2041,560.564084881366625268128700554371,324.389051841591424363286932930350,187.718514938944082359739695675671,36.377249876382443005695677129552,2.360665509615899715356590604642,0.000041865166502193678396259030
194,01-Nov-2041,560.564085264221262150385882705450,324.389051967074919957667589187622,187.718515614006946634617634117603,36.377249912693180533551640110090,2.360665509945251816503741792985,0.000041865166502193346359343706
195,01-Dec-2041,560.564085530086003927863202989101,324.389052054421711090981261804700,187.718512271472917518622125498950,36.377249784965222545451979385689,2.360665509256620442357643696596,0.000041865166502193420898243065
196,01-Jan-2042,560.564085694184768726699985563755,324.389052108438022514746990054846,187.718513537395125467810430563986,36.377249821928892004052613629028,2.360665509365345471337604976725,0.000041865166502193434450770221
197,01-Feb-2042,560.564085764871379069518297910690,324.389052131732341877068392932415,187.718513719282867668880498968065,36.377249828204604398251831298694,2.360665509388322202966037366423,0.000041865166502193441227033799
198,01-Mar-2042,560.564085745283819051110185682774,324.389052125270382020971737802029,187.718513758099220467556733638048,36.377249829586624230159941362217,2.360665509393634842183473665500,0.000041865166502193441227033799
199,01-Apr-2042,560.564085602030218069558031857014,324.389052078076588259136769920588,187.718513718593840167159214615822,36.377249828175614254632819211110,2.360665509388182758954144446761,0.000041865166502193441227033799
200,01-May-2042,560.564085309335155216103885322809,324.389051981852048811560962349176,187.718513515342777964178822003305,36.377249821087119130424980539829,2.360665509361809633048778778175,0.000041865166502193434450770221
201,01-Jun-2042,560.564084868662007465900387614965,324.389051837380179676983971148729,187.718512174419601024055737070739,36.377249779772043325465347152203,2.360665509232718672905093626468,0.000041865166502193420898243065
202,01-Jul-2042,560.564084455611578050593379884958,324.389051702301742352574365213513,187.718516346611750122974626719952,36.377249944040492835028999252245,2.360665510132858191383320445311,0.000041865166502193312478025816
203,01-Aug-2042,560.564084285139529129082802683115,324.389051646626512592774815857410,187.718515168212547905568499118090,36.377249884879262253889464773238,2.360665509651326487983169499785,0.000041865166502193671619995452
204,01-Sep-2042,560.564084475895015202695503830910,324.389051708912916183180641382933,187.718514946553597155798343010247,36.377249875561417979952238965780,2.360665509601747036327878959128,0.000041865166502193569976041781
205,01-Oct-2042,560.564084858502837960259057581425,324.389051834028123266762122511864,187.718514939280396447429666295648,36.377249876329273092778748832643,2.360665509614949364447511470644,0.000041865166502193664843731874
206,01-Nov-2042,560.564085245518413103127386420965,324.389051960870631319266976788640,187.718515575059029742988059297204,36.377249910263465437765262322500,2.360665509913522974727584369248,0.000041865166502193339583080128
207,01-Dec-2042,560.564085514789326225582044571638,324.389052049333145077980589121580,187.718512140305733737477567046881,36.377249781547369877898745471612,2.360665509247756865818246296840,0.000041865166502193420898243065
208,01-Jan-2043,560.564085681241408565256278961897,324.389052104122242781159002333879,187.718513523143968768636113964021,36.377249821434148202570213470608,2.360665509363504277473566617118,0.000041865166502193434450770221
209,01-Feb-2043,560.564085753325571204186417162418,324.389052127876482245483202859759,187.718513712984247376880375668406,36.377249827974708296096650883555,2.360665509387398053320339386119,0.000041865166502193441227033799
210,01-Mar-2043,560.564085734359309753926936537027,324.389052121619386070960899814963,187.718513753588752024370478466153,36.377249829419483262427092995495,2.360665509392946503908206068445,0.000041865166502193441227033799
211,01-Apr-2043,560.564085590975309969508089125156,324.389052074383016588399186730385,187.718513714006661530220299027860,36.377249828006092968735174508765,2.360665509387487315251519248704,0.000041865166502193441227033799
212,01-May-2043,560.564085296912253397749736905098,324.389051977708675167377805337310,187.718513507987296407009125687182,36.377249820822747494730720063671,2.360665509360770908386939481716,0.000041865166502193434450770221
213,01-Jun-2043,560.564084852962082550220657140017,324.389051832161612765048630535603,187.718512136576379134567105211318,36.377249778624062059861898887902,2.360665509229133540713974070968,0.000041865166502193420898243065
214,01-Jul-2043,560.564084435120321359136141836643,324.389051695516002382646547630429,187.718516343264496981646516360343,36.377249943580217461658321553841,2.360665510122744503718195119291,0.000041865166502193305701762238
215,01-Aug-2043,560.564084260246090707369148731232,324.389051638403657307208050042391,187.718515173715672972321044653654,36.377249885055661593469267245382,2.360665509651741711394379308331,0.000041865166502193664843731874
216,01-Sep-2043,560.564084450132781967113260179758,324.389051700404991152026923373342,187.718514951424481296271551400423,36.377249875713765447926562046632,2.360665509602106304498647659784,0.000041865166502193569976041781
217,01-Oct-2043,560.564084835485459734627511352301,324.389051826413890466938028112054,187.718514939938700081256683915854,36.377249876291443797526881098747,2.360665509614106483127216051798,0.000041865166502193651291204718
218,01-Nov-2043,560.564085226684142071462702006102,324.389051954622630091762403026223,187.718515539946309900187770836055,36.377249908099116737503209151328,2.360665509886654245264026030782,0.000041865166502193332806816550
219,01-Dec-2043,560.564085499390898803540039807558,324.389052044210586700501153245568,187.718511993371720336654107086360,36.377249777804614438991848146543,2.360665509238276893455577010172,0.000041865166502193420898243065
220,01-Jan-2044,560.564085668220627667324151843786,324.389052099780485605151625350118,187.718513508438434200797928497195,36.377249820924511425346281612292,2.360665509361612901528815200436,0.000041865166502193434450770221
221,01-Feb-2044,560.564085741718827193835750222206,324.389052124000102139689261093736,187.718513706571656030064332298934,36.377249827740740784065565094352,2.360665509386457916463086803560,0.000041865166502193441227033799
222,01-Mar-2044,560.564085721003038997878320515156,324.389052117166329480824060738087,187.718513748553760933646117337048,36.377249829233498701341886771843,2.360665509392184446824103360996,0.000041865166502193441227033799
223,01-Apr-2044,560.564085572670478541112970560789,324.389052068302589759696274995804,187.718513706324273471182095818222,36.377249827726437558794714277610,2.360665509386368654531906940974,0.000041865166502193441227033799
224,01-May-2044,560.564085271916269448411185294390,324.389051969436593481077579781413,187.718513487008010542922420427203,36.377249820092799836857011541724,2.360665509358055302868706348818,0.000041865166502193434450770221
225,01-Jun-2044,560.564084821782330436690244823694,324.389051821874716097227064892650,187.718511938776600800338201224804,36.377249773095684304280439391732,2.360665509213875523641945619602,0.000041865166502193414121979487
226,01-Jul-2044,560.564084403529818700917530804873,324.389051685103652289399178698659,187.718516233687694239051779732108,36.377249937290741854667430743575,2.360665510052479820757298512035,0.000041865166502193285372971504
227,01-Aug-2044,560.564084235867312600021250545979,324.389051630347751142835477367043,187.718515167116265729418955743313,36.377249884695231685327598825097,2.360665509649044757622959878063,0.000041865166502193651291204718
228,01-Sep-2044,560.564084435235713499423582106829,324.389051695445800760353449732065,187.718514952678532381469267420471,36.377249875735145678845583461225,2.360665509601942879669422836741,0.000041865166502193569976041781
229,01-Oct-2044,560.564084826131875161081552505493,324.389051823271699959150282666087,187.718514944991824222597642801702,36.377249876494431646278826519847,2.360665509615066159909702037112,0.000041865166502193651291204718
230,01-Nov-2044,560.564085218845775671070441603661,324.389051951982651189609896391630,187.718515566994966548008960671723,36.377249909469853150767448823899,2.360665509898678848799136176240,0.000041865166502193332806816550
231,01-Dec-2044,560.564085491134505900845397263765,324.389052041436571016674861311913,187.718512027151263055202434770763,36.377249778483040643095591804013,2.360665509239264991947493399493,0.000041865166502193420898243065
232,01-Jan-2045,560.564085658996987149294000118971,324.389052096689169957244303077459,187.718513505936130059126298874617,36.377249820824197001911670668051,2.360665509361155933731879486004,0.000041865166502193434450770221
233,01-Feb-2045,560.564085730935630635940469801426,324.389052120394694611604791134596,187.718513703022125582720036618412,36.377249827607869292478426359594,2.360665509385901472683144675102,0.000041865166502193441227033799
234,01-Mar-2045,560.564085709993491946079302579165,324.389052113486400230613071471453,187.718513744434659429316525347531,36.377249829080241738665790762752,2.360665509391548511075598071329,0.000041865166502193441227033799
235,01-Apr-2045,560.564085561523597789346240460873,324.389052064577697365166386589408,187.718513701643303193122847005725,36.377249827553413297209772281349,2.360665509385658555885356690851,0.000041865166502193441227033799
236,01-May-2045,560.564085259374564884637948125601,324.389051965252861009503249078989,187.718513479435159752028994262218,36.377249819820725917907111579552,2.360665509356986824229807098163,0.000041865166502193434450770221
237,01-Jun-2045,560.564084805904144559463020414114,324.389051816596179378393571823835,187.718511896481857093021972104907,36.377249771835806768649490550160,2.360665509210018608854397825780,0.000041865166502193414121979487
238,01-Jul-2045,560.564084382789360461174510419369,324.389051678234693554259138181806,187.718516233846884233571472577751,36.377249937064178197942965198308,2.360665510046350057393738097744,0.000041865166502193285372971504
239,01-Aug-2045,560.564084210694886678538750857115,324.389051622031956867431290447712,187.718515173030482401372864842415,36.377249884890552777960692765191,2.360665509649584326012927704141,0.000041865166502193651291204718
240,01-Sep-2045,560.564084409235874773003160953522,324.389051686858408629632322117686,187.718514957813795263064093887806,36.377249875899074993412796175107,2.360665509602370093489298596978,0.000041865166502193563199778203
241,01-Oct-2045,560.564084802941010821086820214987,324.389051815599032124737277626991,187.718514946000880172505276277661,36.377249876473200629334314726293,2.360665509614336521337918384233,0.000041865166502193644514941140
242,01-Nov-2045,560.564085199885312249534763395786,324.389051945691960554540855810046,187.718515534423886492731980979443,36.377249907476361556746269343421,2.360665509874714906857207097346,0.000041865166502193319254289394
243,01-Dec-2045,560.564085475632623456476721912622,324.389052036278883406339446082711,187.718511869722703977458877488971,36.377249774524656800167576875538,2.360665509229366687549145353842,0.000041865166502193420898243065
244,01-Jan-2046,560.564085645884119912807364016771,324.389052092316035214025760069489,187.718513490904399532155366614461,36.377249820303482863437238847837,2.360665509359224145669031713624,0.000041865166502193434450770221
245,01-Feb-2046,560.564085719243962557811755686998,324.389052116489267518772976472974,187.718513696496700049465289339423,36.377249827369745105443143984303,2.360665509384944460435917790164,0.000041865166502193441227033799
246,01-Mar-2046,560.564085698937674351327586919069,324.389052109790668509958777576685,187.718513739791120542577118612826,36.377249828908119866355264093727,2.360665509390839300607467521331,0.000041865166502193441227033799
247,01-Apr-2046,560.564085550344088915153406560421,324.389052060841549973702058196068,187.718513696933456458282307721674,36.377249827379266378102329326794,2.360665509384943128168288239976,0.000041865166502193441227033799
248,01-May-2046,560.564085246812510376912541687489,324.389051961061795736895874142647,187.718513471863332142675062641501,36.377249819548474363273271592334,2.360665509355916569234068447258,0.000041865166502193434450770221
249,01-Jun-2046,560.564084790009928838117048144341,324.389051811311560413741972297430,187.718511854395671889506047591567,36.377249770581158827553736045957,2.360665509206171019940256883274,0.000041865166502193414121979487
250,01-Jul-2046,560.564084362012636120198294520378,324.389051671353001893294276669621,187.718516235005097314569866284728,36.377249936895260873370716581121,2.360665510040935721747246134328,0.000041865166502193278596707926
251,01-Aug-2046,560.564084185435262952523771673441,324.389051613686717701057204976678,187.718515179136403503434848971665,36.377249885094506964833271922544,2.360665509650175852840447987546,0.000041865166502193644514941140
252,01-Sep-2046,560.564084383098816033452749252319,324.389051678225371233565965667367,187.718514963106144932680763304234,36.377249876069832623670663451776,2.360665509602836831248851012788,0.000041865166502193563199778203
253,01-Oct-2046,560.564084779601444097352214157581,324.389051807876967359334230422974,187.718514947301770234844298101962,36.377249876465725719754118472338,2.360665509613700585589413094567,0.000041865166502193630962413984
254,01-Nov-2046,560.564085180797974317101761698723,324.389051939358978415839374065399,187.718515504925733239360852167010,36.377249905686888098443887429312,2.360665509854018573321354779182,0.000041865166502193312478025816
255,01-Dec-2046,560.564085460032970331667456775904,324.389052031088453986740205436945,187.718511692057802520139375701547,36.377249770172944920432200888172,2.360665509218765389931604659068,0.000041865166502193420898243065
256,01-Jan-2047,560.564085632697469918639399111271,324.389052087918116740183904767036,187.718513475407860369159607216716,36.377249819767577321272256085649,2.360665509357240843257841333980,0.000041865166502193434450770221
257,01-Feb-2047,560.564085707494882626633625477552,324.389052112564456820109626278281,187.718513689860571957979118451476,36.377249827127670300797035451978,2.360665509383971905066346153035,0.000041865166502193441227033799
258,01-Mar-2047,560.564085687836723082000389695168,324.389052106079589066212065517902,187.718513735097843664334504865110,36.377249828734150582931761164218,2.360665509390122096533559670206,0.000041865166502193441227033799
259,01-Apr-2047,560.564085539133088786911685019732,324.389052057094488645816454663873,187.718513692196552256064023822546,36.377249827204053644891246221960,2.360665509384223259559121288476,0.000041865166502193441227033799
260,01-May-2047,560.564085234231924914638511836529,324.389051956864079784281784668565,187.718513464297700465976959094405,36.377249819276215703212074004114,2.360665509354844981970700246166,0.000041865166502193434450770221
261,01-Jun-2047,560.564084774102070696244481950998,324.389051806021768697974039241672,187.718511812600382882010308094323,36.377249769333786844072164967656,2.360665509202338085970040992834,0.000041865166502193414121979487
262,01-Jul-2047,560.564084341202601535769645124674,324.389051664459429957787506282330,187.718516237131893831246998161077,36.377249936781595351931173354387,2.360665510036183967201850464335,0.000041865166502193271820444348
263,01-Aug-2047,560.564084160091056219243910163641,324.389051605312886294996133074164,187.718515185431130021243006922305,36.377249885306923715688753873110,2.360665509650819338105520728277,0.000041865166502193644514941140
264,01-Sep-2047,560.564084356827152078039944171906,324.389051669547484380018431693316,187.718514968551460242451867088675,36.377249876247226723080530064180,2.360665509603341760680450533982,0.000041865166502193563199778203
265,01-Oct-2047,560.564084756115221352956723421812,324.389051800106187783967470750213,187.718514948881960435755900107324,36.377249876471339007366623263806,2.360665509613152579504458117299,0.000041865166502193624186150406
266,01-Nov-2047,560.564085161584898742148652672768,324.389051932984045834018616005778,187.718515478163283205503830686212,36.377249904075291908611688995734,2.360665509835992548204330887529,0.000041865166502193298925498660
267,01-Dec-2047,560.564085444336683394794818013906,324.389052025865680661809165030718,187.718511490170982369818375445902,36.377249765370173406608955701813,2.360665509207391377088924855343,0.000041865166502193420898243065
268,01-Jan-2048,560.564085619437946661491878330708,324.389052083495641909394180402160,187.718513459433097523287869989872,36.377249819216082471484696725383,2.360665509355205138319888646947,0.000041865166502193434450770221
269,01-Feb-2048,560.564085695689414023945573717356,324.389052108620603576127905398607,187.718513683113997103646397590637,36.377249826881644878540100762621,2.360665509382984250663639613776,0.000041865166502193441227033799
270,01-Mar-2048,560.564085674221701083297375589609,324.389052101539277828123886138201,187.718513729850371873908443376422,36.377249828540278997479617828503,2.360665509389327176847928058123,0.000041865166502193441227033799
271,01-Apr-2048,560.564085520412390906130895018578,324.389052050875079657998867332935,187.718513684093210258652106858790,36.377249826909228147542307851836,2.360665509383044646796179222292,0.000041865166502193441227033799
272,01-May-2048,560.564085208627716383489314466715,324.389051948389862900512525811791,187.718513441519831985715427435935,36.377249818485765331388392951339,2.360665509351915325453319383087,0.000041865166502193434450770221
273,01-Jun-2048,560.564084742166755859216209501028,324.389051795484590456908335909247,187.718511562359225308682653121650,36.377249762568872881729475921020,2.360665509184373789253186259884,0.000041865166502193414121979487
274,01-Jul-2048,560.564084308910310028295498341322,324.389051653814306064305128529668,187.718516147773812008381355553865,36.377249931819370942776004085317,2.360665509986729748703737641335,0.000041865166502193244715390036
275,01-Aug-2048,560.564084135295047417457681149244,324.389051597116974789969390258193,187.718515180153559640530147589743,36.377249885008751562054385431111,2.360665509648542048637409607181,0.000041865166502193630962413984
276,01-Sep-2048,560.564084341824809598620049655437,324.389051664550095210870495066047,187.718514970283365528302965685725,36.377249876290321140004380140454,2.360665509603310674435761029599,0.000041865166502193563199778203
277,01-Oct-2048,560.564084746799380809534341096878,324.389051796973035379778593778610,187.718514954293681284980266354978,36.377249876690925134425924625248,2.360665509614214840894419467077,0.000041865166502193624186150406
278,01-Nov-2048,560.564085153779615211533382534981,324.389051930352138697344344109297,187.718515504317167597037041559815,36.377249905367470717010291991755,2.360665509846338494526207796298,0.000041865166502193298925498660
279,01-Dec-2048,560.564085436054142519424203783274,324.389052023080694198142737150192,187.718511552925576779671246185899,36.377249766595497248999890871346,2.360665509209303625226539224968,0.000041865166502193420898243065
280,01-Jan-2049,560.564085610124379854823928326368,324.389052080372607633762527257204,187.718513457475211225755629129708,36.377249819132153163536713691428,2.360665509354794799889987189090,0.000041865166502193434450770221
281,01-Feb-2049,560.564085684746146398538257926702,324.389052104960455835680477321148,187.718513679565205620747292414308,36.377249826748276007037929957733,2.360665509382422033723969434504,0.000041865166502193441227033799
282,01-Mar-2049,560.564085663046739682613406330347,324.389052097802789376146392896771,187.718513725611643394586280919611,36.377249828382403507021081168205,2.360665509388671257084979515639,0.000041865166502193441227033799
283,01-Apr-2049,560.564085509121696304646320641041,324.389052047100676645641215145588,187.718513679279169537039706483483,36.377249826731087978259893134236,2.360665509382312343689136469038,0.000041865166502193441227033799
284,01-May-2049,560.564085195942425343673676252365,324.389051944156392437434988096356,187.718513433776422516530146822333,36.377249818207090470423281658441,2.360665509350817981015779878362,0.000041865166502193434450770221
285,01-Jun-2049,560.564084726096552913077175617218,324.389051790139944841939723119140,187.718511515820210888705332763493,36.377249761206961409243376692757,2.360665509180273069489430781687,0.000041865166502193414121979487
286,01-Jul-2049,560.564084287868581668590195477009,324.389051646843199705472216010094,187.718516152283598330541281029582,36.377249931854450437640480231494,2.360665509984065213444637265638,0.000041865166502193237939126458
287,01-Aug-2049,560.564084109690270452119875699282,324.389051588656116109632421284914,187.718515186804779659723863005638,36.377249885237326054721052059904,2.360665509649287230331538012251,0.000041865166502193630962413984
288,01-Sep-2049,560.564084315333502672729082405567,324.389051655798539286479353904724,187.718514975965547364467056468129,36.377249876478003898228053003550,2.360665509603874667732270609122,0.000041865166502193563199778203
289,01-Oct-2049,560.564084723155929168569855391979,324.389051789149107207776978611946,187.718514956175766883461619727314,36.377249876710600062779121799394,2.360665509613759649454323152895,0.000041865166502193617409886828
290,01-Nov-2049,560.564085134454671788262203335762,324.389051923939121024886844679713,187.718515479315897209744434803724,36.377249903867046043615118833259,2.360665509829880104319954625680,0.000041865166502193285372971504
291,01-Dec-2049,560.564085420267019799211993813515,324.389052017826884366513695567846,187.718511336881448414715123362839,36.377249761530976002177339978516,2.360665509197469980051664606435,0.000041865166502193414121979487
292,01-Jan-2050,560.564085596784252629731781780720,324.389052075922563744825311005116,187.718513441211882764037000015378,36.377249818570788875149446539581,2.360665509352722679636826796923,0.000041865166502193434450770221
293,01-Feb-2050,560.564085672866781351331155747175,324.389052100991193583467975258827,187.718513672724014895720756612718,36.377249826498712081956909969449,2.360665509381419280288127993117,0.000041865166502193441227033799
294,01-Mar-2050,560.564085651830851020349655300379,324.389052094052317443129140883684,187.718513720804764943750342354178,36.377249828204121229191514430568,2.360665509387935401264257961884,0.000041865166502193441227033799
295,01-Apr-2050,560.564085497804398983134888112545,324.389052043316894469171529635787,187.718513674445034666860010474920,36.377249826552116473976639099419,2.360665509381575599689995215158,0.000041865166502193441227033799
296,01-May-2050,560.564085183244174004357773810625,324.389051939917976596916560083628,187.718513426058393633866216987371,36.377249817929033781638281652704,2.360665509349721080667450223700,0.000041865166502193434450770221
297,01-Jun-2050,560.564084710020210877701174467802,324.389051784792513899446930736303,187.718511469916222722531529143453,36.377249759860589506388350855559,2.360665509176204324148784507997,0.000041865166502193414121979487
298,01-Jul-2050,560.564084266801842204586137086153,324.389051639862998399621574208140,187.718516157604483396426076069474,36.377249931933405946438142564148,2.360665509981848764198275603121,0.000041865166502193231162862880
299,01-Aug-2050,560.564084084008754871319979429245,324.389051580169223143457202240825,187.718515193632498494480387307703,36.377249885473766255472582997754,2.360665509650078597303490823833,0.000041865166502193624186150406
300,01-Sep-2050,560.564084288713843307050410658121,324.389051647004180267686024308205,187.718514981791315676673548296094,36.377249876671882589107553940266,2.360665509604473299987148493528,0.000041865166502193556423514625
301,01-Oct-2050,560.564084699371392161992844194174,324.389051781278226371796336025000,187.718514958313164697756292298436,36.377249876742126843964797444642,2.360665509613382173625950599671,0.000041865166502193610633623250
